image,label,max_positive_conf,cx,cy,width,height,area,pixel_width,pixel_height,roi_mean,roi_std,relative_contrast,x_bucket,y_bucket
datasets/brain-tumor/images/val/val_1 (1).jpg,datasets/brain-tumor/labels/val/val_1 (1).txt,0.05508773773908615,0.378521,0.490023,0.09507,0.099765,0.00948465855,50,52,121.6723076923077,34.86433490719004,1.2458184682803009,mid,mid
datasets/brain-tumor/images/val/val_1 (100).jpg,datasets/brain-tumor/labels/val/val_1 (100).txt,0.24849848449230194,0.386737,0.321596,0.17723,0.126761,0.02246585203,91,66,75.58208458208458,33.86335942586372,1.4044002382698104,mid,low
datasets/brain-tumor/images/val/val_1 (102).jpg,datasets/brain-tumor/labels/val/val_1 (102).txt,0.14599578082561493,0.481221,0.282277,0.046948,0.116197,0.005455216755999999,25,60,112.614,22.712397583698646,0.741573961082963,mid,low
datasets/brain-tumor/images/val/val_1 (105).jpg,datasets/brain-tumor/labels/val/val_1 (105).txt,0.011825094930827618,0.710681,0.24061,0.080986,0.070423,0.005703277078,43,37,139.28912633563797,53.43234119929114,1.7945294999093757,high,low
datasets/brain-tumor/images/val/val_1 (110).jpg,datasets/brain-tumor/labels/val/val_1 (110).txt,0.160564586520195,0.502934,0.129108,0.064554,0.08216,0.00530375664,34,43,150.82421340629276,53.38187941451544,1.4123637931251474,mid,low
datasets/brain-tumor/images/val/val_1 (110).jpg,datasets/brain-tumor/labels/val/val_1 (110).txt,0.160564586520195,0.538146,0.254108,0.052817,0.059859,0.0031615728030000003,28,31,142.00806451612902,40.41836147322365,1.0693784285665853,mid,low
datasets/brain-tumor/images/val/val_1 (111).jpg,datasets/brain-tumor/labels/val/val_1 (111).txt,0.04646320268511772,0.468897,0.329812,0.066901,0.046948,0.003140868148,35,25,98.88571428571429,13.485932201629176,0.41873009642416675,mid,low
datasets/brain-tumor/images/val/val_1 (117).jpg,datasets/brain-tumor/labels/val/val_1 (117).txt,0.22363027930259705,0.44777,0.236502,0.120892,0.102113,0.012344644795999999,63,53,143.0512129380054,32.40938824503435,0.8550189753304799,mid,low
datasets/brain-tumor/images/val/val_1 (117).jpg,datasets/brain-tumor/labels/val/val_1 (117).txt,0.22363027930259705,0.507042,0.13615,0.053991,0.075117,0.004055641947,28,40,143.8919642857143,47.27842991711226,1.2472915069341626,mid,low
datasets/brain-tumor/images/val/val_1 (117).jpg,datasets/brain-tumor/labels/val/val_1 (117).txt,0.22363027930259705,0.538146,0.256455,0.052817,0.050469,0.002665621173,28,27,133.58862433862433,39.52065734988242,1.042627268870488,mid,low
datasets/brain-tumor/images/val/val_1 (121).jpg,datasets/brain-tumor/labels/val/val_1 (121).txt,0.08959779143333435,0.396714,0.437793,0.093897,0.129108,0.012122853876,49,67,124.39750228449589,47.608900957236926,1.4052656432056942,mid,mid
datasets/brain-tumor/images/val/val_1 (136).jpg,datasets/brain-tumor/labels/val/val_1 (136).txt,0.04464317113161087,0.409038,0.336854,0.158451,0.100939,0.015993885489,82,52,85.5844277673546,39.161274778900804,1.4616017400194268,mid,mid
datasets/brain-tumor/images/val/val_1 (138).jpg,datasets/brain-tumor/labels/val/val_1 (138).txt,0.013834485784173012,0.666667,0.423709,0.112676,0.171362,0.019308384712,59,89,65.63111788230813,29.484508084338785,1.0347047914799803,high,mid
datasets/brain-tumor/images/val/val_1 (140).jpg,datasets/brain-tumor/labels/val/val_1 (140).txt,0.010580912232398987,0.321596,0.390258,0.061033,0.09507,0.0058024073099999995,32,50,105.790625,54.06370582109013,2.2038958625838787,low,mid
datasets/brain-tumor/images/val/val_1 (144).jpg,datasets/brain-tumor/labels/val/val_1 (144).txt,0.012559489347040653,0.361502,0.217723,0.079812,0.083333,0.006650973396,42,44,83.21536796536796,21.38183934718738,0.7179097270115382,mid,low
datasets/brain-tumor/images/val/val_1 (145).jpg,datasets/brain-tumor/labels/val/val_1 (145).txt,0.060329947620630264,0.377347,0.399061,0.134977,0.14554,0.019644552580000002,70,76,99.31484962406014,40.73989479133404,1.4030361052183302,mid,mid
datasets/brain-tumor/images/val/val_1 (146).jpg,datasets/brain-tumor/labels/val/val_1 (146).txt,0.1635376662015915,0.61385,0.35446,0.084507,0.06338,0.00535605366,44,34,164.56751336898395,37.70309691273806,1.081285280490941,mid,mid
datasets/brain-tumor/images/val/val_1 (151).jpg,datasets/brain-tumor/labels/val/val_1 (151).txt,0.09714341163635254,0.313967,0.336268,0.066901,0.062207,0.004161710507,35,33,117.97662337662338,36.48649597588695,1.1142051457377857,low,mid
datasets/brain-tumor/images/val/val_1 (152).jpg,datasets/brain-tumor/labels/val/val_1 (152).txt,0.13585637509822845,0.610329,0.357394,0.086854,0.071596,0.006218398984,46,37,179.46004700352526,43.04303849480198,1.0916220801867835,mid,mid
datasets/brain-tumor/images/val/val_1 (156).jpg,datasets/brain-tumor/labels/val/val_1 (156).txt,0.08874649554491043,0.363263,0.217136,0.132629,0.107981,0.014321412048999999,69,56,93.53933747412009,22.47820442329015,0.6867036307179832,mid,low
datasets/brain-tumor/images/val/val_1 (157).jpg,datasets/brain-tumor/labels/val/val_1 (157).txt,0.21737632155418396,0.38615,0.248239,0.124413,0.11385,0.014164420050000001,65,59,102.4,27.91547308481251,0.8616296693143611,mid,low
datasets/brain-tumor/images/val/val_1 (158).jpg,datasets/brain-tumor/labels/val/val_1 (158).txt,0.2346930205821991,0.607981,0.350939,0.096244,0.100939,0.009714773115999999,50,53,144.8645283018868,46.16722829208753,1.2923925783572006,mid,mid
datasets/brain-tumor/images/val/val_1 (16).jpg,datasets/brain-tumor/labels/val/val_1 (16).txt,0.048767976462841034,0.311033,0.419014,0.100939,0.068075,0.006871422425,53,36,118.01205450733752,55.45624903466635,1.7851345107695875,low,mid
datasets/brain-tumor/images/val/val_1 (162).jpg,datasets/brain-tumor/labels/val/val_1 (162).txt,0.09338058531284332,0.349765,0.188967,0.077465,0.075117,0.005818938405000001,41,39,109.60225140712946,36.25685789991761,1.199571945971398,mid,low
datasets/brain-tumor/images/val/val_1 (164).jpg,datasets/brain-tumor/labels/val/val_1 (164).txt,0.11054439097642899,0.568075,0.328638,0.255869,0.213615,0.054657456435,132,110,58.474862258953166,19.342777256790733,0.8055404821180404,mid,low
datasets/brain-tumor/images/val/val_1 (166).jpg,datasets/brain-tumor/labels/val/val_1 (166).txt,0.1460477113723755,0.3527,0.187793,0.092723,0.086854,0.008053363442,48,45,113.82685185185186,36.342285101317714,1.201044521059735,mid,low
datasets/brain-tumor/images/val/val_1 (167).jpg,datasets/brain-tumor/labels/val/val_1 (167).txt,0.05773741006851196,0.470657,0.20716,0.093897,0.109155,0.010249327035,49,57,96.50411743644827,24.997215760817607,0.8037747965252121,mid,low
datasets/brain-tumor/images/val/val_1 (169).jpg,datasets/brain-tumor/labels/val/val_1 (169).txt,0.014192993752658367,0.617958,0.321596,0.069249,0.091549,0.006339676701000001,36,48,73.32233796296296,23.957759144745424,0.9556218849019477,mid,low
datasets/brain-tumor/images/val/val_1 (170).jpg,datasets/brain-tumor/labels/val/val_1 (170).txt,0.0,0.366197,0.38615,0.068075,0.06338,0.0043145935,36,34,108.03513071895425,43.38094565095542,1.448295912456824,mid,mid
datasets/brain-tumor/images/val/val_1 (171).jpg,datasets/brain-tumor/labels/val/val_1 (171).txt,0.21803969144821167,0.363263,0.214202,0.142019,0.10446,0.014835304740000001,73,54,96.64282090309487,28.372178098690533,0.8531655896078462,mid,low
datasets/brain-tumor/images/val/val_1 (172).jpg,datasets/brain-tumor/labels/val/val_1 (172).txt,0.23828007280826569,0.428404,0.174883,0.051643,0.046948,0.0024245355639999997,28,25,96.97571428571429,29.394182785589617,1.036172653302783,mid,low
datasets/brain-tumor/images/val/val_1 (173).jpg,datasets/brain-tumor/labels/val/val_1 (173).txt,0.041287511587142944,0.658451,0.356221,0.065728,0.062207,0.004088741696,35,33,89.05194805194805,20.042052826157278,0.7643236595165529,mid,mid
datasets/brain-tumor/images/val/val_1 (180).jpg,datasets/brain-tumor/labels/val/val_1 (180).txt,0.22659356892108917,0.360915,0.379695,0.144366,0.165493,0.023891562438,75,86,79.79193798449613,28.83186969653034,1.1312635744193882,mid,mid
datasets/brain-tumor/images/val/val_1 (181).jpg,datasets/brain-tumor/labels/val/val_1 (181).txt,0.03275137394666672,0.657277,0.338615,0.08216,0.076291,0.006268068559999999,44,40,166.18125,31.64412538157395,0.6604620698901472,mid,mid
datasets/brain-tumor/images/val/val_1 (182).jpg,datasets/brain-tumor/labels/val/val_1 (182).txt,0.18294882774353027,0.423122,0.175469,0.071596,0.059859,0.004285664964,38,31,95.48641765704583,31.789581462229556,1.0711726577539733,mid,low
datasets/brain-tumor/images/val/val_1 (21).jpg,datasets/brain-tumor/labels/val/val_1 (21).txt,0.11327093094587326,0.566315,0.093897,0.10446,0.093897,0.009808480619999999,55,49,65.07940630797773,20.04133953071908,0.7534859733882894,mid,low
datasets/brain-tumor/images/val/val_1 (24).jpg,datasets/brain-tumor/labels/val/val_1 (24).txt,0.12838497757911682,0.607394,0.557512,0.073944,0.089202,0.006595952688,39,46,177.40969899665552,42.46059141642107,1.1940299757887722,mid,mid
datasets/brain-tumor/images/val/val_1 (25).jpg,datasets/brain-tumor/labels/val/val_1 (25).txt,0.021095946431159973,0.503521,0.258216,0.098592,0.103286,0.010183173312,51,54,77.88198983297022,28.47112876392726,0.9451701514003261,mid,low
datasets/brain-tumor/images/val/val_1 (4).jpg,datasets/brain-tumor/labels/val/val_1 (4).txt,0.1427864283323288,0.374413,0.46831,0.180751,0.143192,0.025882097192000002,94,74,92.29212190914319,33.25015491167618,1.1761170933934137,mid,mid
datasets/brain-tumor/images/val/val_1 (5).jpg,datasets/brain-tumor/labels/val/val_1 (5).txt,0.09284354001283646,0.425469,0.464202,0.142019,0.092723,0.013168427737000001,74,48,92.83980855855856,31.485991142913676,1.2718501076283315,mid,mid
datasets/brain-tumor/images/val/val_1 (6).jpg,datasets/brain-tumor/labels/val/val_1 (6).txt,0.24968871474266052,0.410798,0.459507,0.152582,0.123239,0.018804053097999998,79,64,74.3854825949367,23.681094640216156,0.9947363045766243,mid,mid
datasets/brain-tumor/images/val/val_1 (61).jpg,datasets/brain-tumor/labels/val/val_1 (61).txt,0.2307492345571518,0.485915,0.471831,0.215962,0.122066,0.026361617491999997,111,64,102.07967342342343,21.318203032244025,0.6786217052803378,mid,mid
datasets/brain-tumor/images/val/val_1 (62).jpg,datasets/brain-tumor/labels/val/val_1 (62).txt,0.10262177884578705,0.328052,0.372653,0.052817,0.059859,0.0031615728030000003,28,32,141.52120535714286,30.61865089248195,0.8179631612900664,low,mid
datasets/brain-tumor/images/val/val_1 (62).jpg,datasets/brain-tumor/labels/val/val_1 (62).txt,0.10262177884578705,0.404343,0.426643,0.109155,0.118545,0.012939779475,57,62,127.61205432937182,20.577191388942033,0.5497101938969658,mid,mid
datasets/brain-tumor/images/val/val_1 (62).jpg,datasets/brain-tumor/labels/val/val_1 (62).txt,0.10262177884578705,0.526408,0.366784,0.078638,0.090376,0.007106987887999999,42,47,103.27355623100304,16.87072066097647,0.4506935349160759,mid,mid
datasets/brain-tumor/images/val/val_1 (67).jpg,datasets/brain-tumor/labels/val/val_1 (67).txt,0.022088225930929184,0.456573,0.21831,0.075117,0.107981,0.008111208776999999,39,56,94.5485347985348,27.845291913283447,0.8429889420390861,mid,low
datasets/brain-tumor/images/val/val_1 (68).jpg,datasets/brain-tumor/labels/val/val_1 (68).txt,0.021571597084403038,0.473592,0.286972,0.066901,0.097418,0.006517361618,36,51,76.7619825708061,19.739520900823095,0.6977247244175331,mid,low
datasets/brain-tumor/images/val/val_1 (70).jpg,datasets/brain-tumor/labels/val/val_1 (70).txt,0.23926904797554016,0.480634,0.318662,0.09507,0.116197,0.01104684879,49,61,79.68317162930747,17.692448611857635,0.7969228231675436,mid,low
datasets/brain-tumor/images/val/val_1 (77).jpg,datasets/brain-tumor/labels/val/val_1 (77).txt,0.01103670708835125,0.61385,0.407277,0.08216,0.08216,0.006750265599999999,43,44,137.18128964059196,27.731409765004486,0.6863572019460767,mid,mid
datasets/brain-tumor/images/val/val_1 (78).jpg,datasets/brain-tumor/labels/val/val_1 (78).txt,0.21825161576271057,0.383803,0.305164,0.077465,0.077465,0.006000826225000001,40,41,110.26280487804878,55.451042629674916,3.4688197879728078,mid,low
datasets/brain-tumor/images/val/val_1 (8).jpg,datasets/brain-tumor/labels/val/val_1 (8).txt,0.09288474172353745,0.407277,0.453052,0.115023,0.098592,0.011340347616,60,51,75.2607843137255,14.640215610104319,0.5432222344702428,mid,mid
datasets/brain-tumor/images/val/val_1 (87).jpg,datasets/brain-tumor/labels/val/val_1 (87).txt,0.2272614687681198,0.490023,0.285798,0.080986,0.139671,0.011311395606,43,72,105.953165374677,28.444062068962428,0.9550860363855781,mid,low
datasets/brain-tumor/images/val/val_1 (88).jpg,datasets/brain-tumor/labels/val/val_1 (88).txt,0.04783513396978378,0.441315,0.527582,0.112676,0.153756,0.017324611056,59,79,47.385110491310876,26.465927894954575,1.0768804679862016,mid,mid
